LOAN_ID,DEFAULTER
3686224,0.059505021
3686225,0.127427929
3686226,0.100188051
3686227,0.034828189
3686228,0.048645133
3686229,0.176033431
3686230,0.061918122
3686231,0.022930703
3686232,0.150248635
3686233,0.117356807
3686234,0.050417312
3686235,0.03943757
3686236,0.213460587
3686237,0.412254294
3686238,0.043548015
3686239,0.544571145
3686240,0.166291063
3686241,0.798307297
3686242,0.074567025
3686243,0.111533223
3686244,0.301195744
3686245,0.507715261
3686246,0.136784766
3686247,0.085257381
3686248,0.173480715
3686249,0.051764044
3686250,0.079062291
3686251,0.082936057
3686252,0.047141066
3686253,0.079014606
3686254,0.708790171
3686255,0.277247153
3686256,0.081734464
3686257,0.143773364
3686258,0.063007233
3686259,0.067608081
3686260,0.648105803
3686261,0.237944992
3686262,0.502219639
3686263,0.162917103
3686264,0.100275699
3686265,0.201113186
3686266,0.571810731
3686267,0.151189524
3686268,0.076691303
3686269,0.147374961
3686270,0.431493553
3686271,0.135203084
3686272,0.107697016
3686273,0.108922206
3686274,0.056031274
3686275,0.048877975
3686276,0.685714417
3686277,0.517763145
3686278,0.39484445
3686279,0.589922911
3686280,0.075270946
3686281,0.199162947
3686282,0.156772089
3686283,0.137114782
3686284,0.530602603
3686285,0.176948045
3686286,0.064300187
3686287,0.131395831
3686288,0.524170304
3686289,0.219882212
3686290,0.187085265
3686291,0.072875889
3686292,0.226185696
3686293,0.593346858
3686294,0.090668697
3686295,0.137540553
3686296,0.127730541
3686297,0.102102669
3686298,0.133726772
3686299,0.098515419
3686300,0.056468492
3686301,0.113127644
3686302,0.089731822
3686303,0.127179272
3686304,0.062314993
3686305,0.101235553
3686306,0.06429857
3686307,0.399784517
3686308,0.074126702
3686309,0.051086241
3686310,0.060430042
3686311,0.162189678
3686312,0.141649052
3686313,0.081795437
3686314,0.158328843
3686315,0.331559176
3686316,0.083846107
3686317,0.078426708
3686318,0.11747491
3686319,0.099354473
3686320,0.036932967
3686321,0.097670982
3686322,0.093891719
3686323,0.087009289
3686324,0.053715322
3686325,0.045322179
3686326,0.149346149
3686327,0.533935266
3686328,0.025915483
3686329,0.069888769
3686330,0.033340331
3686331,0.059143472
3686332,0.624399919
3686333,0.164238824
3686334,0.074021968
3686335,0.058719577
3686336,0.106638519
3686337,0.435384564
3686338,0.547948028
3686339,0.023771318
3686340,0.588482178
3686341,0.047959415
3686342,0.161241641
3686343,0.055387597
3686344,0.096913984
3686345,0.083151747
3686346,0.095429718
3686347,0.05436981
3686348,0.106932463
3686349,0.056757764
3686350,0.120073845
3686351,0.026949224
3686352,0.087336152
3686353,0.072740578
3686354,0.280886403
3686355,0.585666422
3686356,0.056006377
3686357,0.110595438
3686358,0.072647196
3686359,0.234083844
3686360,0.2882454
3686361,0.212687831
3686362,0.087975242
3686363,0.242710171
3686364,0.268371946
3686365,0.20169723
3686366,0.117913165
3686367,0.130760948
3686368,0.042120732
3686369,0.188509826
3686370,0.140540134
3686371,0.312176465
3686372,0.069267555
3686373,0.215275492
3686374,0.104590156
3686375,0.342125151
3686376,0.332725781
3686377,0.12552797
3686378,0.07993068
3686379,0.38829025
3686380,0.382518926
3686381,0.027799416
3686382,0.033921253
3686383,0.093989862
3686384,0.060296567
3686385,0.14206281
3686386,0.205742917
3686387,0.103896636
3686388,0.168927994
3686389,0.253444993
3686390,0.351504332
3686391,0.27044447
3686392,0.073260084
3686393,0.078797273
3686394,0.055850922
3686395,0.119350632
3686396,0.595986282
3686397,0.054103153
3686398,0.133383281
3686399,0.066590201
3686400,0.150151828
3686401,0.113763493
3686402,0.18165999
3686403,0.257852547
3686404,0.19849098
3686405,0.080326363
3686406,0.065590368
3686407,0.080857181
3686408,0.105765899
3686409,0.123692658
3686410,0.042823586
3686411,0.04511592
3686412,0.091548451
3686413,0.475908551
3686414,0.183564183
3686415,0.08765028
3686416,0.103279419
3686417,0.054316277
3686418,0.603869333
3686419,0.048340576
3686420,0.173445038
3686421,0.056185735
3686422,0.042267021
3686423,0.117264527
3686424,0.490051591
3686425,0.385711481
3686426,0.14576415
3686427,0.085898257
3686428,0.256902511
3686429,0.071184846
3686430,0.076297793
3686431,0.08589823
3686432,0.094122472
3686433,0.051576064
3686434,0.570726439
3686435,0.111743662
3686436,0.146713137
3686437,0.082559069
3686438,0.299048913
3686439,0.199426827
3686440,0.062725323
3686441,0.15044883
3686442,0.043961822
3686443,0.042320025
3686444,0.216067983
3686445,0.106378725
3686446,0.057847421
3686447,0.358614962
3686448,0.041104588
3686449,0.465272154
3686450,0.055053746
3686451,0.085239807
3686452,0.047456722
3686453,0.244511688
3686454,0.142665382
3686455,0.042265595
3686456,0.134319365
3686457,0.219408666
3686458,0.178748423
3686459,0.179269948
3686460,0.02591401
3686461,0.022469996
3686462,0.168536109
3686463,0.080756414
3686464,0.103577016
3686465,0.623443326
3686466,0.020905509
3686467,0.057388343
3686468,0.04303843
3686469,0.052317335
3686470,0.120953261
3686471,0.034749894
3686472,0.460868146
3686473,0.113277913
3686474,0.287240249
3686475,0.050707865
3686476,0.111848059
3686477,0.056273136
3686478,0.082741724
3686479,0.122342523
3686480,0.513574102
3686481,0.037560692
3686482,0.094023867
3686483,0.126698017
3686484,0.086781154
3686485,0.069339789
3686486,0.030807246
3686487,0.307188284
3686488,0.583619588
3686489,0.036281842
3686490,0.648728054
3686491,0.352471564
3686492,0.066512921
3686493,0.131793566
3686494,0.118075668
3686495,0.171342648
3686496,0.110681336
3686497,0.032881051
3686498,0.218702042
3686499,0.081203885
3686500,0.064933003
3686501,0.621218899
3686502,0.046812942
3686503,0.390702895
3686504,0.133529161
3686505,0.084991053
3686506,0.175804893
3686507,0.070590665
3686508,0.20227785
3686509,0.116378045
3686510,0.177692463
3686511,0.0752891
3686512,0.071218143
3686513,0.376293934
3686514,0.473179306
3686515,0.596058346
3686516,0.034821953
3686517,0.172401102
3686518,0.066557145
3686519,0.051715176
3686520,0.017694103
3686521,0.639701367
3686522,0.560544587
3686523,0.171440605
3686524,0.177021677
3686525,0.12116933
3686526,0.039303496
3686527,0.190760127
3686528,0.052867784
3686529,0.461396233
3686530,0.130083388
3686531,0.164836653
3686532,0.262527
3686533,0.116634028
3686534,0.31883518
3686535,0.118753969
3686536,0.188114908
3686537,0.203307839
3686538,0.110237552
3686539,0.414578732
3686540,0.143646505
3686541,0.065878262
3686542,0.227624687
3686543,0.115840412
3686544,0.406454218
3686545,0.471627256
3686546,0.132269921
3686547,0.042914933
3686548,0.067077787
3686549,0.057058747
3686550,0.443516429
3686551,0.113390554
3686552,0.127277623
3686553,0.114321056
3686554,0.245939291
3686555,0.060763883
3686556,0.067043051
3686557,0.058310934
3686558,0.634822509
3686559,0.055096935
3686560,0.062113885
3686561,0.114188715
3686562,0.126668854
3686563,0.113907113
3686564,0.255890112
3686565,0.706339907
3686566,0.150297212
3686567,0.069846121
3686568,0.056610909
3686569,0.275951314
3686570,0.069003204
3686571,0.112026167
3686572,0.100279626
3686573,0.04221671
3686574,0.115554721
3686575,0.063274659
3686576,0.175403191
3686577,0.214404942
3686578,0.071554657
3686579,0.046651243
3686580,0.198229824
3686581,0.110041051
3686582,0.370805615
3686583,0.025722987
3686584,0.500502446
3686585,0.067901209
3686586,0.023720876
3686587,0.215854151
3686588,0.81083152
3686589,0.096914968
3686590,0.152388814
3686591,0.082473446
3686592,0.066596591
3686593,0.054196178
3686594,0.157557674
3686595,0.02811729
3686596,0.049253534
3686597,0.070246099
3686598,0.072630803
3686599,0.058015416
3686600,0.083238242
3686601,0.029912041
3686602,0.108276589
3686603,0.499204117
3686604,0.06022532
3686605,0.06626509
3686606,0.036327162
3686607,0.070346983
3686608,0.6389623
3686609,0.16540625
3686610,0.057630634
3686611,0.109457288
3686612,0.172101485
3686613,0.641880084
3686614,0.020703448
3686615,0.153132055
3686616,0.231518252
3686617,0.265593173
3686618,0.200123192
3686619,0.209049545
3686620,0.037391788
3686621,0.19169413
3686622,0.025469006
3686623,0.311409415
3686624,0.068236216
3686625,0.042916662
3686626,0.087228077
3686627,0.082372537
3686628,0.27333198
3686629,0.112808239
3686630,0.028196429
3686631,0.125050678
3686632,0.075768866
3686633,0.041830066
3686634,0.039465119
3686635,0.08162454
3686636,0.052687624
3686637,0.031017625
3686638,0.059597398
3686639,0.312259241
3686640,0.094161455
3686641,0.116388979
3686642,0.178747345
3686643,0.194923747
3686644,0.178582067
3686645,0.052584829
3686646,0.42129988
3686647,0.273260695
3686648,0.4659887
3686649,0.056459356
3686650,0.096868484
3686651,0.044959344
3686652,0.05456141
3686653,0.227817599
3686654,0.409988821
3686655,0.27852177
3686656,0.150105943
3686657,0.243981737
3686658,0.051734875
3686659,0.706554923
3686660,0.220089775
3686661,0.101382627
3686662,0.104429905
3686663,0.051846243
3686664,0.139445785
3686665,0.503711814
3686666,0.05409163
3686667,0.221271219
3686668,0.100201166
3686669,0.063515279
3686670,0.186922428
3686671,0.058033854
3686672,0.136272293
3686673,0.412776609
3686674,0.106589495
3686675,0.125121672
3686676,0.048862018
3686677,0.050934318
3686678,0.080842338
3686679,0.10777569
3686680,0.052588575
3686681,0.189218902
3686682,0.052418335
3686683,0.540441385
3686684,0.120290781
3686685,0.541555817
3686686,0.114652283
3686687,0.504539687
3686688,0.185090264
3686689,0.061841686
3686690,0.447742576
3686691,0.083080173
3686692,0.063834735
3686693,0.06089594
3686694,0.061069181
3686695,0.483206566
3686696,0.029450402
3686697,0.064020214
3686698,0.058136368
3686699,0.367255902
3686700,0.125795588
3686701,0.036434883
3686702,0.122574776
3686703,0.043261845
3686704,0.354904501
3686705,0.098592162
3686706,0.464060777
3686707,0.158984646
3686708,0.157422787
3686709,0.054914263
3686710,0.040846617
3686711,0.041152363
3686712,0.102352586
3686713,0.123221811
3686714,0.210288532
3686715,0.079648671
3686716,0.087616571
3686717,0.601681852
3686718,0.095887465
3686719,0.214505938
3686720,0.044581879
3686721,0.036903157
3686722,0.124257953
3686723,0.062418591
3686724,0.149469916
3686725,0.140758665
3686726,0.059115257
3686727,0.04650563
3686728,0.043120179
3686729,0.292776432
3686730,0.14859279
3686731,0.057403195
3686732,0.175387537
3686733,0.170820296
3686734,0.178157786
3686735,0.036903846
3686736,0.356201702
3686737,0.077511082
3686738,0.13727121
3686739,0.04394863
3686740,0.064824763
3686741,0.095851669
3686742,0.082662467
3686743,0.200869393
3686744,0.147537544
3686745,0.141642667
3686746,0.089559018
3686747,0.295813828
3686748,0.06896717
3686749,0.057645902
3686750,0.522407285
3686751,0.56366543
3686752,0.537575446
3686753,0.031980328
3686754,0.052505511
3686755,0.10077755
3686756,0.428564578
3686757,0.193114253
3686758,0.093537383
3686759,0.730055916
3686760,0.282532422
3686761,0.388099942
3686762,0.040745262
3686763,0.179582612
3686764,0.090097502
3686765,0.066582612
3686766,0.057305136
3686767,0.412600691
3686768,0.048474519
3686769,0.10440616
3686770,0.03717366
3686771,0.117922319
3686772,0.11359472
3686773,0.061097942
3686774,0.031938434
3686775,0.321739227
3686776,0.087987791
3686777,0.111765177
3686778,0.060959308
3686779,0.037847492
3686780,0.062138755
3686781,0.569612016
3686782,0.601537398
3686783,0.158240947
3686784,0.161964839
3686785,0.097804877
3686786,0.058293069
3686787,0.101498621
3686788,0.061414492
3686789,0.0470863
3686790,0.07310988
3686791,0.205158095
3686792,0.058007682
3686793,0.048528051
3686794,0.054587945
3686795,0.15793738
3686796,0.135864402
3686797,0.077421382
3686798,0.05354739
3686799,0.036337628
3686800,0.061710707
3686801,0.05843724
3686802,0.047982237
3686803,0.062928223
3686804,0.459122625
3686805,0.081763405
3686806,0.161463415
3686807,0.166700472
3686808,0.04478897
3686809,0.172103932
3686810,0.043315326
3686811,0.080543156
3686812,0.243194955
3686813,0.14903672
3686814,0.080132864
3686815,0.036340386
3686816,0.069480472
3686817,0.484021136
3686818,0.09383262
3686819,0.273893049
3686820,0.592317129
3686821,0.114655729
3686822,0.147356546
3686823,0.093985902
3686824,0.110312249
3686825,0.168647854
3686826,0.058820485
3686827,0.071537916
3686828,0.112794844
3686829,0.090427557
3686830,0.05217853
3686831,0.391967317
3686832,0.122552865
3686833,0.090359454
3686834,0.561034207
3686835,0.052650689
3686836,0.057119653
3686837,0.362357806
3686838,0.048321678
3686839,0.353096911
3686840,0.126952215
3686841,0.088905278
3686842,0.097507531
3686843,0.051249321
3686844,0.091769235
3686845,0.091002256
3686846,0.032901455
3686847,0.018179235
3686848,0.032676
3686849,0.579524608
3686850,0.088691715
3686851,0.128040512
3686852,0.658044227
3686853,0.136113402
3686854,0.149617541
3686855,0.081444226
3686856,0.172685815
3686857,0.800133443
3686858,0.038759003
3686859,0.095042722
3686860,0.039237456
3686861,0.151217053
3686862,0.208426368
3686863,0.05548998
3686864,0.061319429
3686865,0.061171939
3686866,0.37756609
3686867,0.171830027
3686868,0.243503716
3686869,0.108833507
3686870,0.174982065
3686871,0.374072272
3686872,0.069660169
3686873,0.069218394
3686874,0.118292524
3686875,0.151733159
3686876,0.084099416
3686877,0.774644971
3686878,0.592584943
3686879,0.092228893
3686880,0.549226555
3686881,0.05492789
3686882,0.040398551
3686883,0.169040502
3686884,0.082166508
3686885,0.046273152
3686886,0.315284737
3686887,0.041364115
3686888,0.063300938
3686889,0.531317752
3686890,0.076729418
3686891,0.100046919
3686892,0.078108407
3686893,0.202224474
3686894,0.117341789
3686895,0.036121488
3686896,0.605566301
3686897,0.453844531
3686898,0.104978097
3686899,0.051466879
3686900,0.124426808
3686901,0.072357425
3686902,0.255099768
3686903,0.107696565
3686904,0.19947295
3686905,0.143795615
3686906,0.069168291
3686907,0.133865295
3686908,0.195287034
3686909,0.453377516
3686910,0.053277871
3686911,0.121077821
3686912,0.034886982
3686913,0.058723853
3686914,0.07368475
3686915,0.123780208
3686916,0.108498728
3686917,0.105162142
3686918,0.257023364
3686919,0.089278115
3686920,0.05613766
3686921,0.105058201
3686922,0.071447831
3686923,0.093674607
3686924,0.029403594
3686925,0.065422002
3686926,0.087643235
3686927,0.101246915
3686928,0.104796797
3686929,0.426275786
3686930,0.414729757
3686931,0.384491331
3686932,0.393686509
3686933,0.045739605
3686934,0.081140286
3686935,0.360166145
3686936,0.042655093
3686937,0.523069405
3686938,0.074364695
3686939,0.126376134
3686940,0.129854664
3686941,0.107329575
3686942,0.117883493
3686943,0.062001343
3686944,0.119724949
3686945,0.062672229
3686946,0.182874869
3686947,0.099649938
3686948,0.063172995
3686949,0.180392478
3686950,0.054468692
3686951,0.148309426
3686952,0.07248196
3686953,0.053609225
3686954,0.103383989
3686955,0.061730425
3686956,0.140790529
3686957,0.143233968
3686958,0.182528509
3686959,0.144572743
3686960,0.225974988
3686961,0.049835986
3686962,0.086707077
3686963,0.152804611
3686964,0.130063953
3686965,0.180881214
3686966,0.251349018
3686967,0.211846189
3686968,0.129059718
3686969,0.176332515
3686970,0.117908558
3686971,0.058066083
3686972,0.071833859
3686973,0.196494851
3686974,0.055657324
3686975,0.110376979
3686976,0.041779511
3686977,0.179208565
3686978,0.408097501
3686979,0.073941294
3686980,0.047996356
3686981,0.477889506
3686982,0.090650448
3686983,0.239525399
3686984,0.014645312
3686985,0.101111189
3686986,0.064496757
3686987,0.09608867
3686988,0.051619321
3686989,0.348077613
3686990,0.115187373
3686991,0.236524912
3686992,0.309273154
3686993,0.051366009
3686994,0.136327481
3686995,0.05801146
3686996,0.358640393
3686997,0.200610217
3686998,0.44149774
3686999,0.160680642
3687000,0.042394299
3687001,0.178604806
3687002,0.62067279
3687003,0.331946863
3687004,0.085288393
3687005,0.199174237
3687006,0.037366852
3687007,0.609823291
3687008,0.027537877
3687009,0.043867427
3687010,0.159698016
3687011,0.026889885
3687012,0.084499401
3687013,0.089097582
3687014,0.052297412
3687015,0.100266144
3687016,0.095527717
3687017,0.173785705
3687018,0.16989367
3687019,0.053817283
3687020,0.066648749
3687021,0.099652172
3687022,0.139135231
3687023,0.163898374
3687024,0.089318874
3687025,0.037174512
3687026,0.245888363
3687027,0.050577743
3687028,0.060108593
3687029,0.051358884
3687030,0.146354764
3687031,0.060568643
3687032,0.08003223
3687033,0.23126319
3687034,0.043041122
3687035,0.098625393
3687036,0.054561847
3687037,0.088346133
3687038,0.056246943
3687039,0.53689579
3687040,0.03664992
3687041,0.27817595
3687042,0.026460804
3687043,0.07145834
3687044,0.158310952
3687045,0.404677908
3687046,0.297859921
3687047,0.102989034
3687048,0.107755456
3687049,0.572211169
3687050,0.08371737
3687051,0.127469213
3687052,0.073508097
3687053,0.047816703
3687054,0.136993915
3687055,0.065572215
3687056,0.051973292
3687057,0.435291428
3687058,0.0831854
3687059,0.112181037
3687060,0.113011511
3687061,0.053706741
3687062,0.044561112
3687063,0.051465173
3687064,0.146736904
3687065,0.052068573
3687066,0.116395861
3687067,0.151847078
3687068,0.106692987
3687069,0.573798902
3687070,0.247198411
3687071,0.695802897
3687072,0.602384912
3687073,0.041376862
3687074,0.12379808
3687075,0.064329334
3687076,0.150638146
3687077,0.053962041
3687078,0.648418294
3687079,0.173200793
3687080,0.317355832
3687081,0.058702177
3687082,0.442360551
3687083,0.109499166
3687084,0.065884528
3687085,0.151811314
3687086,0.074582876
3687087,0.072389934
3687088,0.110380427
3687089,0.043559272
3687090,0.037274918
3687091,0.147159189
3687092,0.111757269
3687093,0.054218978
3687094,0.051746386
3687095,0.046705119
3687096,0.1787838
3687097,0.086390888
3687098,0.603070855
3687099,0.052965649
3687100,0.067212001
3687101,0.057868413
3687102,0.042177021
3687103,0.107661146
3687104,0.079033825
3687105,0.209644624
3687106,0.228457946
3687107,0.053799513
3687108,0.055536859
3687109,0.097087844
3687110,0.208863004
3687111,0.457896334
3687112,0.253659483
3687113,0.050181298
3687114,0.161187833
3687115,0.102753866
3687116,0.155630912
3687117,0.051806674
3687118,0.637587806
3687119,0.065890134
3687120,0.064271236
3687121,0.188925428
3687122,0.212619548
3687123,0.319402249
3687124,0.082253118
3687125,0.114899507
3687126,0.057476778
3687127,0.063405594
3687128,0.271764308
3687129,0.106217215
3687130,0.052453075
3687131,0.519110523
3687132,0.08914535
3687133,0.09162542
3687134,0.162223784
3687135,0.036764005
3687136,0.042900108
3687137,0.033813378
3687138,0.247537916
3687139,0.046365591
3687140,0.090037947
3687141,0.085631391
3687142,0.73327986
3687143,0.094641132
3687144,0.109947155
3687145,0.10972895
3687146,0.118220931
3687147,0.088826757
3687148,0.035652459
3687149,0.112535169
3687150,0.146305461
3687151,0.033437804
3687152,0.082364467
3687153,0.159746512
3687154,0.106984174
3687155,0.292971175
3687156,0.585421646
3687157,0.136438798
3687158,0.486555065
3687159,0.019878926
3687160,0.339028485
3687161,0.38844404
3687162,0.076082931
3687163,0.324678432
3687164,0.043133141
3687165,0.116825692
3687166,0.061015074
3687167,0.090457403
3687168,0.527777518
3687169,0.073513465
3687170,0.094747134
3687171,0.045383705
3687172,0.058970716
3687173,0.335221267
3687174,0.086437393
3687175,0.051996564
3687176,0.0563996
3687177,0.11569637
3687178,0.153336646
3687179,0.1931917
3687180,0.072745113
3687181,0.493026854
3687182,0.049294072
3687183,0.082439851
3687184,0.272093108
3687185,0.043433277
3687186,0.044451486
3687187,0.137649617
3687188,0.3026832
3687189,0.168463244
3687190,0.165272649
3687191,0.03838513
3687192,0.363469097
3687193,0.056662755
3687194,0.051124267
3687195,0.046160645
3687196,0.053806275
3687197,0.046904274
3687198,0.581636903
3687199,0.158733682
3687200,0.181787638
3687201,0.191579736
3687202,0.042444507
3687203,0.170149736
3687204,0.023903518
3687205,0.31620667
3687206,0.180717665
3687207,0.087194834
3687208,0.100924786
3687209,0.051963514
3687210,0.101193984
3687211,0.085304845
3687212,0.30726956
3687213,0.233138323
3687214,0.357459852
3687215,0.540793759
3687216,0.301711889
3687217,0.181024553
3687218,0.826478046
3687219,0.132847429
3687220,0.082336982
3687221,0.087814203
3687222,0.048120169
3687223,0.620180216
3687224,0.235844266
3687225,0.118382693
3687226,0.041993068
3687227,0.650584168
3687228,0.51146328
3687229,0.049484817
3687230,0.035401186
3687231,0.164576443
3687232,0.054427497
3687233,0.125716611
3687234,0.239063574
3687235,0.071539188
3687236,0.188296653
3687237,0.110212907
3687238,0.046731611
3687239,0.016532435
3687240,0.118125492
3687241,0.404009692
3687242,0.094916767
3687243,0.099050595
3687244,0.671532071
3687245,0.297333536
3687246,0.134319258
3687247,0.176990026
3687248,0.087885523
3687249,0.287102288
3687250,0.184062569
3687251,0.097364131
3687252,0.098025722
3687253,0.132328486
3687254,0.399369158
3687255,0.07311279
3687256,0.119661772
3687257,0.116176504
3687258,0.114396107
3687259,0.128266064
3687260,0.097077669
3687261,0.397485971
3687262,0.084718796
3687263,0.129515165
3687264,0.190405798
3687265,0.313057755
3687266,0.580058825
3687267,0.130736376
3687268,0.443504288
3687269,0.05726955
3687270,0.304342358
3687271,0.109793313
3687272,0.278962415
3687273,0.267170632
3687274,0.090805511
3687275,0.075547881
3687276,0.045574552
3687277,0.073504824
3687278,0.081071075
3687279,0.052905208
3687280,0.061514618
3687281,0.03515652
3687282,0.103949385
3687283,0.072133005
3687284,0.075047633
3687285,0.700446137
3687286,0.072577937
3687287,0.055453352
3687288,0.063791454
3687289,0.370219364
3687290,0.05780026
3687291,0.111115454
3687292,0.19950352
3687293,0.068396919
3687294,0.257471764
3687295,0.070852237
3687296,0.5156721
3687297,0.033211411
3687298,0.121802707
3687299,0.273063977
3687300,0.044459323
3687301,0.055521389
3687302,0.0199096
3687303,0.173739318
3687304,0.04355961
3687305,0.071643901
3687306,0.138616421
3687307,0.090713206
3687308,0.166510684
3687309,0.543149319
3687310,0.036016567
3687311,0.122439535
3687312,0.176360404
3687313,0.152232027
3687314,0.150315781
3687315,0.055742953
3687316,0.071736768
3687317,0.398939224
3687318,0.238432624
3687319,0.076730387
3687320,0.565107755
3687321,0.062847497
3687322,0.460787118
3687323,0.169208607
3687324,0.188461724
3687325,0.122500433
3687326,0.165445234
3687327,0.061108576
3687328,0.030522529
3687329,0.10250461
3687330,0.078420074
3687331,0.072593603
3687332,0.09880263
3687333,0.148399869
3687334,0.232225588
3687335,0.072529634
3687336,0.119681883
3687337,0.11925427
3687338,0.164370711
3687339,0.051478337
3687340,0.094590278
3687341,0.382063091
3687342,0.313617448
3687343,0.180847301
3687344,0.130180576
3687345,0.083939406
3687346,0.424804624
3687347,0.059100995
3687348,0.104740836
3687349,0.099308179
3687350,0.074257739
3687351,0.609120305
3687352,0.389059871
3687353,0.406718563
3687354,0.039239815
3687355,0.149201834
3687356,0.053059611
3687357,0.16722093
3687358,0.484531269
3687359,0.161106081
3687360,0.05375451
3687361,0.031362539
3687362,0.070877065
3687363,0.057856592
3687364,0.061515568
3687365,0.07842866
3687366,0.440448825
3687367,0.136511794
3687368,0.08480396
3687369,0.360131915
3687370,0.074483205
3687371,0.269895638
3687372,0.13055501
3687373,0.137955137
3687374,0.159487587
3687375,0.10295093
3687376,0.221362587
3687377,0.057364796
3687378,0.137720302
3687379,0.038394721
3687380,0.043957264
3687381,0.126981459
3687382,0.128199031
3687383,0.10913841
3687384,0.040310036
3687385,0.128636111
3687386,0.092918524
3687387,0.062241377
3687388,0.071726413
3687389,0.05008537
3687390,0.060493994
3687391,0.803277871
3687392,0.160878776
3687393,0.0679382
3687394,0.037077432
3687395,0.04384255
3687396,0.080950552
3687397,0.062875384
3687398,0.055633586
3687399,0.092822883
3687400,0.140066758
3687401,0.118127639
3687402,0.09694709
3687403,0.184438011
3687404,0.081032916
3687405,0.086652199
3687406,0.419370039
3687407,0.099180481
3687408,0.257361798
3687409,0.044765515
3687410,0.457990707
3687411,0.305719141
3687412,0.536705519
3687413,0.043310374
3687414,0.058824956
3687415,0.229300903
3687416,0.231819559
3687417,0.03400097
3687418,0.235061548
3687419,0.055248007
3687420,0.080585722
3687421,0.106425965
3687422,0.101606425
3687423,0.157995359
3687424,0.042332279
3687425,0.098606405
3687426,0.486543775
3687427,0.361368588
3687428,0.122334045
3687429,0.148868559
3687430,0.698910171
3687431,0.119727723
3687432,0.073697478
3687433,0.097724327
3687434,0.242859683
3687435,0.07856783
3687436,0.105563718
3687437,0.12104577
3687438,0.14733068
3687439,0.202417258
3687440,0.04297123
3687441,0.060719995
3687442,0.042731759
3687443,0.142714421
3687444,0.165652907
3687445,0.368837808
3687446,0.330922527
3687447,0.416733859
3687448,0.024504966
3687449,0.091955982
3687450,0.192762933
3687451,0.148048808
3687452,0.047269052
3687453,0.074694265
3687454,0.09393216
3687455,0.049012945
3687456,0.048535676
3687457,0.16518771
3687458,0.048291149
3687459,0.071883077
3687460,0.084168111
3687461,0.09860566
3687462,0.056598652
3687463,0.307741741
3687464,0.145768125
3687465,0.167735511
3687466,0.400518778
3687467,0.179542656
3687468,0.126210188
3687469,0.095317221
3687470,0.046449235
3687471,0.1568049
3687472,0.327468173
3687473,0.348246821
3687474,0.171014471
3687475,0.133657324
3687476,0.033194538
3687477,0.060123408
3687478,0.110331059
3687479,0.204179568
3687480,0.07490874
3687481,0.117962941
3687482,0.21951861
3687483,0.205503329
3687484,0.140345516
3687485,0.068539398
3687486,0.078223082
3687487,0.185730166
3687488,0.10747182
3687489,0.65929813
3687490,0.0916669
3687491,0.562045833
3687492,0.06956396
3687493,0.097084514
3687494,0.057482752
3687495,0.220703365
3687496,0.042532863
3687497,0.176793255
3687498,0.181394319
3687499,0.060270999
3687500,0.130827805
3687501,0.131145684
3687502,0.117691623
3687503,0.0968717
3687504,0.053812792
3687505,0.07197815
3687506,0.182680402
3687507,0.071875772
3687508,0.672307375
3687509,0.135387962
3687510,0.16780592
3687511,0.102182012
3687512,0.104108746
3687513,0.053308167
3687514,0.063626434
3687515,0.117926186
3687516,0.167015605
3687517,0.123507612
3687518,0.068561666
3687519,0.088363378
3687520,0.11334233
3687521,0.009427236
3687522,0.319383276
3687523,0.171868362
3687524,0.231913785
3687525,0.076052597
3687526,0.053367924
3687527,0.34521028
3687528,0.153420727
3687529,0.115638182
3687530,0.17155756
3687531,0.108837435
3687532,0.039451605
3687533,0.183611957
3687534,0.189815336
3687535,0.052045807
3687536,0.049848272
3687537,0.078195603
3687538,0.58766982
3687539,0.095565428
3687540,0.077794049
3687541,0.118751663
3687542,0.038189126
3687543,0.279673713
3687544,0.056393148
3687545,0.064654543
3687546,0.066204148
3687547,0.087712755
3687548,0.048789366
3687549,0.067653665
3687550,0.299019404
3687551,0.150829672
3687552,0.045719612
3687553,0.159268261
3687554,0.397238768
3687555,0.344193353
3687556,0.096486087
3687557,0.107024655
3687558,0.101213574
3687559,0.075431945
3687560,0.150255095
3687561,0.059002951
3687562,0.067065496
3687563,0.136382931
3687564,0.429923795
3687565,0.593189432
3687566,0.083449016
3687567,0.045838632
3687568,0.156566854
3687569,0.167785904
3687570,0.085864433
3687571,0.494059196
3687572,0.254455027
3687573,0.085491181
3687574,0.144082
3687575,0.706263979
3687576,0.042999499
3687577,0.083724482
3687578,0.100703073
3687579,0.041541973
3687580,0.595294363
3687581,0.161315864
3687582,0.040559515
3687583,0.112898843
3687584,0.072059776
3687585,0.19739662
3687586,0.121888059
3687587,0.149544048
3687588,0.097450512
3687589,0.813290713
3687590,0.076141173
3687591,0.108864207
3687592,0.152305952
3687593,0.149758984
3687594,0.186706095
3687595,0.060227398
3687596,0.050652543
3687597,0.069903622
3687598,0.046893173
3687599,0.065369255
3687600,0.09784942
3687601,0.472552079
3687602,0.084665645
3687603,0.189634899
3687604,0.031392262
3687605,0.077197495
3687606,0.038432805
3687607,0.106130222
3687608,0.137059033
3687609,0.146067633
3687610,0.019148742
3687611,0.080319278
3687612,0.116841475
3687613,0.170696146
3687614,0.094581322
3687615,0.158943871
3687616,0.12196855
3687617,0.113150191
3687618,0.038226557
3687619,0.112911451
3687620,0.13973879
3687621,0.098079164
3687622,0.048023874
3687623,0.435110074
3687624,0.132678265
3687625,0.129620972
3687626,0.069164682
3687627,0.219400051
3687628,0.045543503
3687629,0.090171055
3687630,0.272118099
3687631,0.168164654
3687632,0.096110611
3687633,0.071676353
3687634,0.088364761
3687635,0.030656262
3687636,0.188033338
3687637,0.126171223
3687638,0.09297149
3687639,0.599931351
3687640,0.354174144
3687641,0.445376087
3687642,0.011679959
3687643,0.355866088
3687644,0.121777015
3687645,0.053439865
3687646,0.099742289
3687647,0.15066354
3687648,0.180071395
3687649,0.573963827
3687650,0.101563949
3687651,0.541113753
3687652,0.350483747
3687653,0.118935029
3687654,0.117098432
3687655,0.131284833
3687656,0.495955213
3687657,0.064207199
3687658,0.289303492
3687659,0.031745267
3687660,0.045751428
3687661,0.098116693
3687662,0.267249822
3687663,0.018557492
3687664,0.417983136
3687665,0.128825781
3687666,0.100454873
3687667,0.166866706
3687668,0.139926293
3687669,0.108417517
3687670,0.045225352
3687671,0.05325599
3687672,0.17983778
3687673,0.481965401
3687674,0.331521884
3687675,0.10886832
3687676,0.117037169
3687677,0.262542453
3687678,0.562110908
3687679,0.278300373
3687680,0.187238816
3687681,0.348615373
3687682,0.056946609
3687683,0.540572273
3687684,0.04563307
3687685,0.218316913
3687686,0.085893327
3687687,0.144100452
3687688,0.311266613
3687689,0.6660368
3687690,0.119531104
3687691,0.371149732
3687692,0.59408344
3687693,0.164967696
3687694,0.101542515
3687695,0.141101245
3687696,0.039981975
3687697,0.033065512
3687698,0.062647513
3687699,0.040380254
3687700,0.09672905
3687701,0.057594855
3687702,0.057561372
3687703,0.11547071
3687704,0.133867158
3687705,0.028780039
3687706,0.12743387
3687707,0.147724562
3687708,0.1187174
3687709,0.035467134
3687710,0.055204336
3687711,0.106211773
3687712,0.107827523
3687713,0.025680808
3687714,0.086471603
3687715,0.08934236
3687716,0.100829236
3687717,0.05761678
3687718,0.225531331
3687719,0.407492775
3687720,0.088656096
3687721,0.068670127
3687722,0.056935164
3687723,0.095579909
3687724,0.086337026
3687725,0.061141491
3687726,0.203617681
3687727,0.564378964
3687728,0.048674449
3687729,0.069596991
3687730,0.072766546
3687731,0.057687684
3687732,0.111821044
3687733,0.051678657
3687734,0.151211605
3687735,0.409147565
3687736,0.570434529
3687737,0.089313888
3687738,0.57697415
3687739,0.182964831
3687740,0.559515923
3687741,0.128033194
3687742,0.021165713
3687743,0.094481879
3687744,0.058382357
3687745,0.156136731
3687746,0.153464137
3687747,0.075600916
3687748,0.346683834
3687749,0.648684771
3687750,0.58735157
3687751,0.037175475
3687752,0.190201986
3687753,0.184460397
3687754,0.10767387
3687755,0.181765029
3687756,0.03184046
3687757,0.035479316
3687758,0.0673796
3687759,0.571513641
3687760,0.068035414
3687761,0.686261441
3687762,0.189967974
3687763,0.065968372
3687764,0.118090004
3687765,0.193213865
3687766,0.42055346
3687767,0.034843686
3687768,0.231106775
3687769,0.057635255
3687770,0.494765751
3687771,0.510406602
3687772,0.334250147
3687773,0.065430297
3687774,0.436957499
3687775,0.091195195
3687776,0.06762164
3687777,0.083054232
3687778,0.060347018
3687779,0.162833282
3687780,0.218938677
3687781,0.085482934
3687782,0.579791908
3687783,0.234337389
3687784,0.054602027
3687785,0.26131759
3687786,0.065359621
3687787,0.061093613
3687788,0.474110591
3687789,0.04557337
3687790,0.051385958
3687791,0.146022359
3687792,0.152299258
3687793,0.041879647
3687794,0.08355097
3687795,0.102576591
3687796,0.130199609
3687797,0.433202778
3687798,0.069777813
3687799,0.116089072
3687800,0.089446378
3687801,0.08150404
3687802,0.127407293
3687803,0.065722404
3687804,0.106160382
3687805,0.127558907
3687806,0.337054872
3687807,0.092781375
3687808,0.050006006
3687809,0.181448586
3687810,0.08068286
3687811,0.036588887
3687812,0.045230711
3687813,0.521704378
3687814,0.156284054
3687815,0.057376613
3687816,0.140145094
3687817,0.683709102
3687818,0.060879101
3687819,0.0374535
3687820,0.038429228
3687821,0.070404098
3687822,0.191441519
3687823,0.070095582
3687824,0.129284653
3687825,0.135083972
3687826,0.118657233
3687827,0.077738463
3687828,0.45611331
3687829,0.643085151
3687830,0.624544972
3687831,0.382495989
3687832,0.108599154
3687833,0.167724312
3687834,0.061616454
3687835,0.07166516
3687836,0.304177394
3687837,0.119738572
3687838,0.156209662
3687839,0.126488631
3687840,0.063593668
3687841,0.675711732
3687842,0.043920219
3687843,0.347740456
3687844,0.102774414
3687845,0.451217247
3687846,0.095104305
3687847,0.240024654
3687848,0.109285031
3687849,0.588752287
3687850,0.083832432
3687851,0.081935537
3687852,0.043157704
3687853,0.041443526
3687854,0.020627454
3687855,0.417010113
3687856,0.118315033
3687857,0.187890598
3687858,0.061152943
3687859,0.580703448
3687860,0.089476147
3687861,0.182719782
3687862,0.075018405
3687863,0.162088255
3687864,0.107184021
3687865,0.389219849
3687866,0.150449272
3687867,0.107363054
3687868,0.053968815
3687869,0.071392477
3687870,0.030973553
3687871,0.02826716
3687872,0.043213955
3687873,0.072061286
3687874,0.241170962
3687875,0.380993874
3687876,0.136701951
3687877,0.626167239
3687878,0.29840321
3687879,0.207843464
3687880,0.129481109
3687881,0.146123166
3687882,0.396181132
3687883,0.147672447
3687884,0.062337472
3687885,0.102592397
3687886,0.060742382
3687887,0.12229166
3687888,0.262476282
3687889,0.517659638
3687890,0.590581115
3687891,0.072322322
3687892,0.143898036
3687893,0.18116365
3687894,0.039200641
3687895,0.021084244
3687896,0.100997343
3687897,0.08368857
3687898,0.177756859
3687899,0.060083203
3687900,0.252932804
3687901,0.056928145
3687902,0.126486986
3687903,0.030835364
3687904,0.128067297
3687905,0.123490774
3687906,0.133508997
3687907,0.066999655
3687908,0.322740576
3687909,0.325376866
3687910,0.088312293
3687911,0.451741403
3687912,0.09790716
3687913,0.578486796
3687914,0.449474703
3687915,0.034927735
3687916,0.052017447
3687917,0.013572935
3687918,0.199281777
3687919,0.144314255
3687920,0.186974355
3687921,0.048704845
3687922,0.24580737
3687923,0.351749565
3687924,0.064207561
3687925,0.311589373
3687926,0.134672683
3687927,0.310631311
3687928,0.043788364
3687929,0.397237733
3687930,0.37292943
3687931,0.040871415
3687932,0.326548076
3687933,0.062234517
3687934,0.127716844
3687935,0.036368196
3687936,0.096710117
3687937,0.051607057
3687938,0.100976112
3687939,0.05298912
3687940,0.352350378
3687941,0.095014607
3687942,0.124367413
3687943,0.141308936
3687944,0.084087974
3687945,0.092530356
3687946,0.06021597
3687947,0.037755336
3687948,0.418321291
3687949,0.610673746
3687950,0.088382192
3687951,0.076624999
3687952,0.026771798
3687953,0.110896769
3687954,0.045413216
3687955,0.067474081
3687956,0.103745448
3687957,0.393246658
3687958,0.053928726
3687959,0.129621343
3687960,0.044187241
3687961,0.086762617
3687962,0.095967276
3687963,0.096546451
3687964,0.064856567
3687965,0.040425412
3687966,0.123814426
3687967,0.065027547
3687968,0.182262715
3687969,0.120688916
3687970,0.172671616
3687971,0.178214515
3687972,0.073569399
3687973,0.042296471
3687974,0.054626733
3687975,0.080715347
3687976,0.042175308
3687977,0.311272364
3687978,0.268677571
3687979,0.289029663
3687980,0.55181563
3687981,0.064945662
3687982,0.140709511
3687983,0.226797226
3687984,0.070992016
3687985,0.1545602
3687986,0.088111868
3687987,0.075843129
3687988,0.10293941
3687989,0.074327537
3687990,0.552249479
3687991,0.224954761
3687992,0.034362978
3687993,0.164667907
3687994,0.691030715
3687995,0.096271156
3687996,0.099194535
3687997,0.146260076
3687998,0.121524493
3687999,0.078368903
3688000,0.137239543
3688001,0.409355603
3688002,0.068012905
3688003,0.657517471
3688004,0.034843803
3688005,0.064541421
3688006,0.392973414
3688007,0.083035714
3688008,0.236428758
3688009,0.077023753
3688010,0.073208351
3688011,0.089187474
3688012,0.089541577
3688013,0.408701656
3688014,0.042622548
3688015,0.275286198
3688016,0.499200387
3688017,0.190312888
3688018,0.105772052
3688019,0.018802861
3688020,0.106240043
3688021,0.120601109
3688022,0.042677472
3688023,0.368508472
3688024,0.084656894
3688025,0.092494881
3688026,0.765457949
3688027,0.03451134
3688028,0.15396917
3688029,0.078361199
3688030,0.05838437
3688031,0.063246259
3688032,0.337600715
3688033,0.145969734
3688034,0.066032486
3688035,0.196003852
3688036,0.408900196
3688037,0.15404841
3688038,0.15522551
3688039,0.152145748
3688040,0.122770348
3688041,0.045536739
3688042,0.278612221
3688043,0.062975148
3688044,0.649286463
3688045,0.052447012
3688046,0.247064245
3688047,0.112308978
3688048,0.099303047
3688049,0.061768354
3688050,0.147327283
3688051,0.109705141
3688052,0.635903477
3688053,0.076195078
3688054,0.438950894
3688055,0.047985833
3688056,0.044483509
3688057,0.120047984
3688058,0.516434484
3688059,0.095475956
3688060,0.043781389
3688061,0.489470558
3688062,0.053092471
3688063,0.050174108
3688064,0.572721748
3688065,0.208364804
3688066,0.249791379
3688067,0.072527943
3688068,0.066541005
3688069,0.105477487
3688070,0.492578964
3688071,0.097870317
3688072,0.456795232
3688073,0.050425978
3688074,0.113394014
3688075,0.133332297
3688076,0.07189974
3688077,0.308040487
3688078,0.317233404
3688079,0.093416936
3688080,0.147469733
3688081,0.150048696
3688082,0.050649283
3688083,0.034890385
3688084,0.309167987
3688085,0.096856214
3688086,0.109438646
3688087,0.391733027
3688088,0.497158163
3688089,0.046633528
3688090,0.200900783
3688091,0.235754886
3688092,0.058387379
3688093,0.258596952
3688094,0.095430313
3688095,0.160678196
3688096,0.630489441
3688097,0.048559328
3688098,0.378348291
3688099,0.086508726
3688100,0.527913152
3688101,0.135161516
3688102,0.07139756
3688103,0.043087137
3688104,0.075639682
3688105,0.040217273
3688106,0.680475846
3688107,0.205136579
3688108,0.048720733
3688109,0.124568686
3688110,0.094904914
3688111,0.274965502
3688112,0.137919189
3688113,0.07958794
3688114,0.069132954
3688115,0.106663976
3688116,0.045192402
3688117,0.123012834
3688118,0.114888019
3688119,0.084292524
3688120,0.040667467
3688121,0.079039489
3688122,0.037330619
3688123,0.139237636
3688124,0.020384489
3688125,0.115675728
3688126,0.102586755
3688127,0.033919198
3688128,0.392346383
3688129,0.024582496
3688130,0.101931211
3688131,0.636272391
3688132,0.152270384
3688133,0.094544444
3688134,0.135862932
3688135,0.080494863
3688136,0.126363388
3688137,0.05589115
3688138,0.060525599
3688139,0.557455794
3688140,0.120138027
3688141,0.104521677
3688142,0.19489115
3688143,0.039319229
3688144,0.359672621
3688145,0.112630375
3688146,0.150861544
3688147,0.099168293
3688148,0.198355634
3688149,0.160563857
3688150,0.472223582
3688151,0.030227568
3688152,0.72830428
3688153,0.166782888
3688154,0.03657001
3688155,0.042555032
3688156,0.102399473
3688157,0.08168782
3688158,0.028474395
3688159,0.264800524
3688160,0.348376693
3688161,0.069468848
3688162,0.045623011
3688163,0.078219575
3688164,0.172324796
3688165,0.040581188
3688166,0.155151428
3688167,0.082648198
3688168,0.046623061
3688169,0.323825918
3688170,0.1412349
3688171,0.074023746
3688172,0.727558614
3688173,0.632359604
3688174,0.71675801
3688175,0.056401302
3688176,0.048468597
3688177,0.628897016
3688178,0.154660118
3688179,0.106488857
3688180,0.25809878
3688181,0.086019385
3688182,0.19147155
3688183,0.030503017
3688184,0.065457333
3688185,0.050122956
3688186,0.07254583
3688187,0.214545226
3688188,0.483804369
3688189,0.058961877
3688190,0.141320009
3688191,0.505381117
3688192,0.238336366
3688193,0.120093237
3688194,0.046390687
3688195,0.093950745
3688196,0.368875696
3688197,0.082562085
3688198,0.113776098
3688199,0.114275333
3688200,0.107131266
3688201,0.043408952
3688202,0.030623731
3688203,0.148264517
3688204,0.0696176
3688205,0.083570137
3688206,0.098446077
3688207,0.118727826
3688208,0.053545165
3688209,0.562842967
3688210,0.175260589
3688211,0.112517992
3688212,0.306868731
3688213,0.489780285
3688214,0.11596977
3688215,0.03557078
3688216,0.508646404
3688217,0.023379164
3688218,0.104577425
3688219,0.370763106
3688220,0.181549149
3688221,0.217235576
3688222,0.143915413
3688223,0.088845436
3688224,0.08113227
3688225,0.25959977
3688226,0.15545187
3688227,0.086967655
3688228,0.081460647
3688229,0.352870468
3688230,0.067191254
3688231,0.081929424
3688232,0.144105663
3688233,0.489239221
3688234,0.033759517
3688235,0.151859906
3688236,0.19197195
3688237,0.144847746
3688238,0.126684363
3688239,0.078941023
3688240,0.068630033
3688241,0.177665378
3688242,0.104377705
3688243,0.802322054
3688244,0.597327499
3688245,0.18440421
3688246,0.261252087
3688247,0.108024404
3688248,0.046259675
3688249,0.050975035
3688250,0.319832153
3688251,0.090190921
3688252,0.074042717
3688253,0.054974199
3688254,0.148805696
3688255,0.053635477
3688256,0.068162533
3688257,0.118383124
3688258,0.240712401
3688259,0.136093693
3688260,0.084088745
3688261,0.126594099
3688262,0.080465208
3688263,0.044265565
3688264,0.078281602
3688265,0.059810077
3688266,0.067249182
3688267,0.155061896
3688268,0.328475553
3688269,0.537073979
3688270,0.337965993
3688271,0.050414799
3688272,0.520473231
3688273,0.513415659
3688274,0.041352138
3688275,0.023803438
3688276,0.243477315
3688277,0.099100751
3688278,0.095179504
3688279,0.199665291
3688280,0.646939058
3688281,0.123359932
3688282,0.038013849
3688283,0.099341346
3688284,0.110096793
3688285,0.097938075
3688286,0.101066607
3688287,0.030064051
3688288,0.103702303
3688289,0.274239954
3688290,0.448337404
3688291,0.21414002
3688292,0.065327178
3688293,0.114218108
3688294,0.099061844
3688295,0.089756098
3688296,0.031475923
3688297,0.056165096
3688298,0.067775928
3688299,0.401888403
3688300,0.096295464
3688301,0.10161735
3688302,0.730419609
3688303,0.588636138
3688304,0.113069615
3688305,0.203245003
3688306,0.125640476
3688307,0.063640587
3688308,0.038265296
3688309,0.29791468
3688310,0.269495494
3688311,0.109466711
3688312,0.079968024
3688313,0.067812775
3688314,0.063003332
3688315,0.040874739
3688316,0.50207795
3688317,0.099601599
3688318,0.112776113
3688319,0.025768588
3688320,0.098118264
3688321,0.044258231
3688322,0.133651941
3688323,0.123067474
3688324,0.06950887
3688325,0.080998486
3688326,0.082412828
3688327,0.081165181
3688328,0.054652312
3688329,0.086746789
3688330,0.073550537
3688331,0.1301322
3688332,0.035940752
3688333,0.140182675
3688334,0.073112832
3688335,0.50770705
3688336,0.100536173
3688337,0.091064635
3688338,0.111302056
3688339,0.634711907
3688340,0.102544544
3688341,0.445941049
3688342,0.125455557
3688343,0.347793208
3688344,0.167286944
3688345,0.070354705
3688346,0.208972661
3688347,0.187274896
3688348,0.359283414
3688349,0.204084511
3688350,0.271642025
3688351,0.091480753
3688352,0.095341306
3688353,0.067150371
3688354,0.05199508
3688355,0.055141385
3688356,0.206144186
3688357,0.046747483
3688358,0.158795885
3688359,0.046012358
3688360,0.031192959
3688361,0.665189147
3688362,0.391058488
3688363,0.196053707
3688364,0.69745189
3688365,0.760556704
3688366,0.034727925
3688367,0.594901378
3688368,0.030839706
3688369,0.04372165
3688370,0.151630859
3688371,0.034510951
3688372,0.341886568
3688373,0.07305114
3688374,0.080427339
3688375,0.061633613
3688376,0.149546425
3688377,0.061206006
3688378,0.440186264
3688379,0.311243341
3688380,0.035254663
3688381,0.053920827
3688382,0.186223195
3688383,0.100729906
3688384,0.068487671
3688385,0.099905514
3688386,0.37596122
3688387,0.315291167
3688388,0.292174351
3688389,0.046829527
3688390,0.378176918
3688391,0.381057407
3688392,0.173213497
3688393,0.148623393
3688394,0.068804889
3688395,0.024505216
3688396,0.048762156
3688397,0.438216508
3688398,0.061088753
3688399,0.169623892
3688400,0.051053464
3688401,0.487481845
3688402,0.578462369
3688403,0.120039276
3688404,0.080152203
3688405,0.165905249
3688406,0.053794224
3688407,0.297800985
3688408,0.067183577
3688409,0.082504996
3688410,0.070034622
3688411,0.10198398
3688412,0.152971787
3688413,0.213101469
3688414,0.071078177
3688415,0.226160621
3688416,0.07405801
3688417,0.383062775
3688418,0.058487096
3688419,0.181691602
3688420,0.326417768
3688421,0.043984044
3688422,0.158033692
3688423,0.19081418
3688424,0.521381918
3688425,0.077751994
3688426,0.090565771
3688427,0.144033048
3688428,0.097700929
3688429,0.052468969
3688430,0.197621843
3688431,0.072878793
3688432,0.223247302
3688433,0.081454475
3688434,0.230073963
3688435,0.178501981
3688436,0.540858157
3688437,0.189716039
3688438,0.125534031
3688439,0.21514522
3688440,0.07951742
3688441,0.091981564
3688442,0.635215389
3688443,0.090278158
3688444,0.138641478
3688445,0.123390378
3688446,0.207628853
3688447,0.569800526
3688448,0.050855191
3688449,0.055473788
3688450,0.051099247
3688451,0.140639915
3688452,0.162044503
3688453,0.043945654
3688454,0.139190245
3688455,0.096736308
3688456,0.075628992
3688457,0.173405774
3688458,0.073353791
3688459,0.114153048
3688460,0.060741189
3688461,0.079260236
3688462,0.18353105
3688463,0.109897229
3688464,0.081348173
3688465,0.053817218
3688466,0.189330882
3688467,0.152866082
3688468,0.074460797
3688469,0.112484745
3688470,0.083581157
3688471,0.172109874
3688472,0.073144757
3688473,0.046598068
3688474,0.064569589
3688475,0.088214737
3688476,0.084463957
3688477,0.088550063
3688478,0.036768882
3688479,0.097010371
3688480,0.070355244
3688481,0.063038173
3688482,0.318034397
3688483,0.239439028
3688484,0.031388281
3688485,0.150072182
3688486,0.09295405
3688487,0.097863576
3688488,0.028513991
3688489,0.085722718
3688490,0.199016532
3688491,0.100261378
3688492,0.141872492
3688493,0.094539293
3688494,0.115769273
3688495,0.409939216
3688496,0.242222315
3688497,0.126540042
3688498,0.026492868
3688499,0.098606975
3688500,0.073330357
3688501,0.073076518
3688502,0.059760402
3688503,0.285553327
3688504,0.082770323
3688505,0.492272595
3688506,0.099450974
3688507,0.077826402
3688508,0.092468275
3688509,0.472842263
3688510,0.094316991
3688511,0.111938922
3688512,0.236539274
3688513,0.062986524
3688514,0.412791092
3688515,0.060834172
3688516,0.096775643
3688517,0.115515565
3688518,0.057904113
3688519,0.225221236
3688520,0.215187882
3688521,0.047999915
3688522,0.131188919
3688523,0.407170333
3688524,0.059260668
3688525,0.674173061
3688526,0.069497408
3688527,0.072194918
3688528,0.036930831
3688529,0.104065324
3688530,0.115270973
3688531,0.298972217
3688532,0.078112442
3688533,0.168702855
3688534,0.058537226
3688535,0.224770401
3688536,0.131976933
3688537,0.153877467
3688538,0.071116583
3688539,0.384021708
3688540,0.043249719
3688541,0.11273402
3688542,0.083200977
3688543,0.206709289
3688544,0.123796757
3688545,0.086579293
3688546,0.227515285
3688547,0.214944787
3688548,0.325954491
3688549,0.242914753
3688550,0.022566472
3688551,0.455352628
3688552,0.341612989
3688553,0.070885167
3688554,0.193037891
3688555,0.116269227
3688556,0.209810083
3688557,0.154282848
3688558,0.475046375
3688559,0.044439534
3688560,0.09605749
3688561,0.226479643
3688562,0.067585395
3688563,0.110489364
3688564,0.107099609
3688565,0.040245471
3688566,0.049364898
3688567,0.182857508
3688568,0.095654285
3688569,0.086852098
3688570,0.130332712
3688571,0.045314248
3688572,0.038028614
3688573,0.075316446
3688574,0.092067583
3688575,0.049412178
3688576,0.062679405
3688577,0.043526882
3688578,0.085326998
3688579,0.042936257
3688580,0.062539625
3688581,0.322173978
3688582,0.048008803
3688583,0.346966014
3688584,0.283973751
3688585,0.015764742
3688586,0.095133822
3688587,0.077714787
3688588,0.534084939
3688589,0.41641008
3688590,0.047570961
3688591,0.14768837
3688592,0.077561034
3688593,0.104823669
3688594,0.083278068
3688595,0.075223316
3688596,0.13575554
3688597,0.095869772
3688598,0.237330351
3688599,0.107969607
3688600,0.106373197
3688601,0.041647595
3688602,0.108100774
3688603,0.473108572
3688604,0.082682284
3688605,0.087653133
3688606,0.113701092
3688607,0.071841157
